<?xml version="1.0" encoding="utf-8"?>
<courseStructure xmlns="https://w3id.org/xapi/profiles/cmi5/v1/CourseStructure.xsd">
  <course id="http://course-repository.example.edu/identifiers/courses/02baafcf">
    <title>
      <langstring lang="en-US">Intro to Web Based Content</langstring>
    </title>
    <description>
      <langstring lang="en-US">
        This course will introduce you into the basics integrating xAPI with web
        based content.
      </langstring>
    </description>
  </course>
  <au id="http://course-repository.example.edu/identifiers/courses/02baafcf/aus/4c07">
    <title>
      <langstring lang="en-US">Cybersecurity 101</langstring>
    </title>
    <description>
      <langstring lang="en-US">
        This example quiz uses xAPI to track the start and stop as well as the learner's
        answers.
      </langstring>
    </description>
    <url>./quiz.html</url>
  </au>
</courseStructure>
